{
  "image_path": "data/images/서울특별시_서대문구_성산로_543.png",
  "overlay_path": "/Users/kimseojin/Desktop/Yonsei/3학년/테크포임팩트프로젝트/accessibility_analyzer/data/results/overlays/서울특별시_서대문구_성산로_543_overlay_20250512_182138.png",
  "location_info": {
    "latitude": null,
    "longitude": null,
    "address": null,
    "building_name": null,
    "siDoNm": "서울특별시",
    "cggNm": "서대문구",
    "faclNm": null,
    "roadNm": "성산로_543"
  },
  "accessibility_info": {
    "has_stairs": false,
    "has_ramp": false,
    "entrance_accessible": true,
    "obstacles": [],
    "obstacle_details": {
      "building": {
        "pixel_count": 19826,
        "ratio": 0.774453125
      }
    },
    "has_sidewalk": true,
    "has_building": true,
    "accessibility_score": 10
  },
  "facility_info": {
    "available": true,
    "basic_info": {
      "estbDate": "20061226",
      "faclInfId": "20155824102",
      "faclLat": "37.56484677",
      "faclLng": "126.9452964",
      "faclNm": "금융업소 등 일반업무시설",
      "faclTyCd": "금융업소 등 일반업무시설",
      "lcMnad": "서울특별시 서대문구 성산로 543",
      "salStaDivCd": "Y",
      "salStaNm": "영업",
      "wfcltDivCd": "017",
      "wfcltId": "1141011300-3-00900001"
    },
    "facility_features": {
      "evalInfo": [
        "승강기",
        "장애인사용가능화장실",
        "장애인전용주차구역",
        "주출입구 높이차이 제거",
        "주출입구 접근로",
        "주출입구(문)"
      ]
    },
    "accessibility_details": {
      "entrance": {
        "accessible": true,
        "features": [
          "주출입구 높이차이 제거",
          "주출입구 접근로",
          "주출입구(문)"
        ]
      },
      "parking": {
        "available": true,
        "features": [
          "장애인전용주차구역"
        ]
      },
      "restroom": {
        "available": true,
        "features": [
          "장애인사용가능화장실"
        ]
      },
      "elevator": {
        "available": false
      }
    }
  },
  "llm_analysis": {
    "external_accessibility_score": 10,
    "internal_accessibility_score": 7,
    "final_accessibility_score": 8,
    "stairs_count": 0,
    "stairs_height": "계단 없음",
    "alternative_route": false,
    "alternative_route_description": "대체 경로 필요 없음",
    "recommendations": [
      "주출입구 관련 시설이 잘 갖춰져 있습니다.",
      "장애인 화장실과 전용 주차구역이 마련되어 있어 좋습니다."
    ],
    "observations": [
      "외부에서 건물 내부로 들어가기 편리해 보입니다.",
      "엘리베이터 정보가 없어 내부 이동 편의성은 정확히 알 수 없습니다."
    ],
    "improvement_suggestions": [
      "승강기 설치 여부를 확인하고 없다면 설치를 고려해 볼 수 있겠습니다.",
      "장애인 유도 및 안내 설비를 추가로 마련하면 좋겠습니다."
    ]
  },
  "timestamp": "2025-05-12T18:21:56.142340"
}