{
  "image_path": "data/images/서울특별시_서대문구_신촌로_149.png",
  "overlay_path": "/Users/kimseojin/Desktop/Yonsei/3학년/테크포임팩트프로젝트/accessibility_analyzer/data/results/overlays/서울특별시_서대문구_신촌로_149_overlay_20250512_181144.png",
  "location_info": {
    "latitude": null,
    "longitude": null,
    "address": null,
    "building_name": null,
    "siDoNm": "서울특별시",
    "cggNm": "서대문구",
    "faclNm": null,
    "roadNm": "신촌로_149"
  },
  "accessibility_info": {
    "has_stairs": true,
    "has_ramp": false,
    "entrance_accessible": true,
    "obstacles": [
      "stairs"
    ],
    "obstacle_details": {
      "stairs": {
        "pixel_count": 2839,
        "ratio": 0.1108984375,
        "estimated_size": "medium"
      },
      "building": {
        "pixel_count": 14351,
        "ratio": 0.5605859375
      }
    },
    "has_sidewalk": true,
    "has_building": true,
    "accessibility_score": 8
  },
  "facility_info": {
    "available": true,
    "basic_info": {
      "estbDate": "20141119",
      "faclInfId": "20155825539",
      "faclLat": "37.55695178",
      "faclLng": "126.9424587",
      "faclNm": "신촌자이엘라",
      "faclTyCd": "금융업소 등 일반업무시설",
      "lcMnad": "서울특별시 서대문구 신촌로 149",
      "salStaDivCd": "Y",
      "salStaNm": "영업",
      "wfcltDivCd": "017",
      "wfcltId": "1141011200-3-01040036"
    },
    "facility_features": {
      "evalInfo": [
        "승강기",
        "장애인사용가능화장실",
        "장애인전용주차구역",
        "주출입구 높이차이 제거",
        "주출입구 접근로",
        "주출입구(문)"
      ]
    },
    "accessibility_details": {
      "entrance": {
        "accessible": true,
        "features": [
          "주출입구 높이차이 제거",
          "주출입구 접근로",
          "주출입구(문)"
        ]
      },
      "parking": {
        "available": true,
        "features": [
          "장애인전용주차구역"
        ]
      },
      "restroom": {
        "available": true,
        "features": [
          "장애인사용가능화장실"
        ]
      },
      "elevator": {
        "available": false
      }
    }
  },
  "llm_analysis": {
    "external_accessibility_score": 8,
    "internal_accessibility_score": 7,
    "final_accessibility_score": 7,
    "stairs_count": 7,
    "stairs_height": "중간 높이",
    "alternative_route": true,
    "alternative_route_description": "계단 옆에 경사로가 있어 휠체어 이용자도 출입구에 접근 가능할 것으로 보입니다",
    "recommendations": [
      "승강기 설치를 통해 건물 내부 이동 편의성을 높일 필요가 있습니다",
      "주출입구에 자동문 설치를 고려해 볼 수 있겠습니다"
    ],
    "observations": [
      "건물 외관에 계단이 있지만 경사로도 함께 설치되어 있습니다",
      "장애인 화장실과 장애인 주차 구역이 마련되어 있습니다"
    ],
    "improvement_suggestions": [
      "승강기를 추가 설치하여 수직 이동 접근성을 개선하기를 권장합니다",
      "주출입구에 자동문을 설치하면 휠체어 이용자의 출입이 한결 수월해질 것입니다",
      "시각장애인을 위한 점자블록, 음성안내 등의 설비도 고려해 볼 만합니다"
    ]
  },
  "timestamp": "2025-05-12T18:12:06.910578"
}