{
  "image_path": "data/images/서울특별시_서대문구_연세로2가길_3.jpg",
  "overlay_path": "/Users/kimseojin/Desktop/Yonsei/3학년/테크포임팩트프로젝트/accessibility_analyzer/data/results/overlays/서울특별시_서대문구_연세로2가길_3_overlay_20250512_181324.png",
  "location_info": {
    "latitude": null,
    "longitude": null,
    "address": null,
    "building_name": null,
    "siDoNm": "서울특별시",
    "cggNm": "서대문구",
    "faclNm": null,
    "roadNm": "연세로2가길_3"
  },
  "accessibility_info": {
    "has_stairs": false,
    "has_ramp": false,
    "entrance_accessible": true,
    "obstacles": [],
    "obstacle_details": {
      "building": {
        "pixel_count": 17967,
        "ratio": 0.7018359375
      }
    },
    "has_sidewalk": true,
    "has_building": true,
    "accessibility_score": 10
  },
  "facility_info": {
    "available": true,
    "basic_info": {
      "estbDate": "20140423",
      "faclInfId": "20155827693",
      "faclLat": "0",
      "faclLng": "0",
      "faclNm": "신촌라싸관광호텔",
      "faclTyCd": "관광숙박시설",
      "lcMnad": "서울특별시 서대문구 연세로2가길 3",
      "salStaDivCd": "Y",
      "salStaNm": "영업",
      "wfcltDivCd": "017",
      "wfcltId": "1141011600-1-00180081"
    },
    "facility_features": {
      "evalInfo": [
        "승강기",
        "장애인사용가능화장실",
        "주출입구 높이차이 제거",
        "주출입구 접근로",
        "주출입구(문)"
      ]
    },
    "accessibility_details": {
      "entrance": {
        "accessible": true,
        "features": [
          "주출입구 높이차이 제거",
          "주출입구 접근로",
          "주출입구(문)"
        ]
      },
      "parking": {
        "available": false,
        "features": []
      },
      "restroom": {
        "available": true,
        "features": [
          "장애인사용가능화장실"
        ]
      },
      "elevator": {
        "available": false
      }
    }
  },
  "llm_analysis": {
    "external_accessibility_score": 10,
    "internal_accessibility_score": 7,
    "final_accessibility_score": 8,
    "stairs_count": 0,
    "stairs_height": "없음",
    "alternative_route": true,
    "alternative_route_description": "건물 전면에 접근로가 설치되어 있어 접근이 용이함",
    "recommendations": [
      "장애인 전용 주차구역 마련으로 접근성 개선 필요",
      "유도 및 안내 설비 설치로 이용 편의성 제고 필요"
    ],
    "observations": [
      "건물 전면에 계단이나 장애물 없이 주출입구로 접근 가능",
      "주출입구는 높이차이가 제거되고 접근로가 설치되어 있음",
      "장애인사용가능화장실이 마련되어 있음"
    ],
    "improvement_suggestions": [
      "장애인 이용객을 위한 객실 마련 검토",
      "장애인 전용 주차구역 설치로 편의성 제고",
      "유도 및 안내 설비 설치로 접근성 강화"
    ]
  },
  "timestamp": "2025-05-12T18:13:45.044133"
}