{
  "image_path": "data/images/서울특별시_서대문구_북아현로18길_47.png",
  "overlay_path": "/Users/kimseojin/Desktop/Yonsei/3학년/테크포임팩트프로젝트/accessibility_analyzer/data/results/overlays/서울특별시_서대문구_북아현로18길_47_overlay_20250512_182158.png",
  "location_info": {
    "latitude": null,
    "longitude": null,
    "address": null,
    "building_name": null,
    "siDoNm": "서울특별시",
    "cggNm": "서대문구",
    "faclNm": null,
    "roadNm": "북아현로18길_47"
  },
  "accessibility_info": {
    "has_stairs": true,
    "has_ramp": false,
    "entrance_accessible": true,
    "obstacles": [
      "stairs"
    ],
    "obstacle_details": {
      "stairs": {
        "pixel_count": 145,
        "ratio": 0.0056640625,
        "estimated_size": "very small"
      },
      "building": {
        "pixel_count": 13257,
        "ratio": 0.5178515625
      }
    },
    "has_sidewalk": true,
    "has_building": true,
    "accessibility_score": 8
  },
  "facility_info": {
    "available": true,
    "basic_info": {
      "estbDate": "20021007",
      "faclInfId": "20155822443",
      "faclLat": "37.56378151",
      "faclLng": "126.9565468",
      "faclNm": "북아현3동 경로당",
      "faclTyCd": "노인복지시설",
      "lcMnad": "서울특별시 서대문구 북아현로18길 47",
      "salStaDivCd": "Y",
      "salStaNm": "영업",
      "wfcltDivCd": "017",
      "wfcltId": "1141011000-1-00010251"
    },
    "facility_features": {
      "evalInfo": [
        "장애인사용가능화장실",
        "주출입구 높이차이 제거",
        "주출입구 접근로",
        "주출입구(문)"
      ]
    },
    "accessibility_details": {
      "entrance": {
        "accessible": true,
        "features": [
          "주출입구 높이차이 제거",
          "주출입구 접근로",
          "주출입구(문)"
        ]
      },
      "parking": {
        "available": false,
        "features": []
      },
      "restroom": {
        "available": true,
        "features": [
          "장애인사용가능화장실"
        ]
      },
      "elevator": {
        "available": false
      }
    }
  },
  "llm_analysis": {
    "external_accessibility_score": 8,
    "internal_accessibility_score": 5,
    "final_accessibility_score": 6,
    "stairs_count": 1,
    "stairs_height": "낮은 계단",
    "alternative_route": true,
    "alternative_route_description": "주출입구 접근로를 통해 계단을 우회할 수 있음",
    "recommendations": [
      "주출입구 접근로를 장애인 이동이 용이하도록 평평하게 포장하고 정비할 것",
      "장애인전용주차구역을 시설 인근에 설치하는 것이 좋음"
    ],
    "observations": [
      "입구에 낮은 계단이 있으나 주출입구 접근로로 우회 가능",
      "장애인사용가능화장실이 설치되어 있어 내부 이동에 도움이 됨",
      "엘리베이터는 없는 것으로 보이나 1층에 주요 시설이 위치한 듯함"
    ],
    "improvement_suggestions": [
      "유도 및 안내 설비를 추가 설치하여 장애인의 편의성을 높일 것",
      "장애인전용주차구역을 확보하여 접근성을 개선할 것"
    ]
  },
  "timestamp": "2025-05-12T18:22:20.870943"
}