{
  "image_path": "data/images/서울특별시_서대문구_연세로2나길_16.png",
  "overlay_path": "/Users/kimseojin/Desktop/Yonsei/3학년/테크포임팩트프로젝트/accessibility_analyzer/data/results/overlays/서울특별시_서대문구_연세로2나길_16_overlay_20250512_181441.png",
  "location_info": {
    "latitude": null,
    "longitude": null,
    "address": null,
    "building_name": null,
    "siDoNm": "서울특별시",
    "cggNm": "서대문구",
    "faclNm": null,
    "roadNm": "연세로2나길_16"
  },
  "accessibility_info": {
    "has_stairs": false,
    "has_ramp": false,
    "entrance_accessible": true,
    "obstacles": [],
    "obstacle_details": {
      "building": {
        "pixel_count": 14952,
        "ratio": 0.5840625
      }
    },
    "has_sidewalk": true,
    "has_building": true,
    "accessibility_score": 10
  },
  "facility_info": {
    "available": true,
    "basic_info": {
      "estbDate": "20190307",
      "faclInfId": "20155827695",
      "faclLat": "0",
      "faclLng": "0",
      "faclNm": "스테이 더 디자이너스",
      "faclTyCd": "금융업소 등 일반업무시설",
      "lcMnad": "서울특별시 서대문구 연세로2나길 16",
      "salStaDivCd": "Y",
      "salStaNm": "영업",
      "wfcltDivCd": "017",
      "wfcltId": "1141011600-3-00290005"
    },
    "facility_features": {
      "evalInfo": [
        "승강기",
        "주출입구 높이차이 제거",
        "주출입구 접근로",
        "주출입구(문)"
      ]
    },
    "accessibility_details": {
      "entrance": {
        "accessible": true,
        "features": [
          "주출입구 높이차이 제거",
          "주출입구 접근로",
          "주출입구(문)"
        ]
      },
      "parking": {
        "available": false,
        "features": []
      },
      "restroom": {
        "available": false,
        "features": []
      },
      "elevator": {
        "available": false
      }
    }
  },
  "llm_analysis": {
    "external_accessibility_score": 10,
    "internal_accessibility_score": 5,
    "final_accessibility_score": 7,
    "stairs_count": 0,
    "stairs_height": "계단이 없음",
    "alternative_route": true,
    "alternative_route_description": "건물 정면에 접근로가 존재하여 계단 없이 진입 가능",
    "recommendations": [
      "장애인 주차 공간 마련 검토 필요",
      "장애인 화장실 설치 고려 요망",
      "엘리베이터 설치 여부 확인 및 설치 권장"
    ],
    "observations": [
      "계단이나 경사로 없이 건물 정면으로 접근 가능한 구조",
      "주출입구 단차 제거 및 별도 접근로 확보",
      "승강기 시설은 확인된 바 없음"
    ],
    "improvement_suggestions": [
      "내부 시설 중 미비한 부분 보완 필요",
      "장애인 주차 공간과 화장실 마련이 시급해 보임",
      "승강기 유무 재확인 및 설치 적극 권고"
    ]
  },
  "timestamp": "2025-05-12T18:15:01.450184"
}