{
  "image_path": "data/images/서울특별시_서대문구_성산로_500.png",
  "overlay_path": "/Users/kimseojin/Desktop/Yonsei/3학년/테크포임팩트프로젝트/accessibility_analyzer/data/results/overlays/서울특별시_서대문구_성산로_500_overlay_20250512_180601.png",
  "location_info": {
    "latitude": null,
    "longitude": null,
    "address": null,
    "building_name": null,
    "siDoNm": "서울특별시",
    "cggNm": "서대문구",
    "faclNm": null,
    "roadNm": "성산로_500"
  },
  "accessibility_info": {
    "has_stairs": true,
    "has_ramp": false,
    "entrance_accessible": true,
    "obstacles": [
      "stairs"
    ],
    "obstacle_details": {
      "stairs": {
        "pixel_count": 733,
        "ratio": 0.0286328125,
        "estimated_size": "small"
      },
      "building": {
        "pixel_count": 17601,
        "ratio": 0.6875390625
      }
    },
    "has_sidewalk": true,
    "has_building": true,
    "accessibility_score": 8
  },
  "facility_info": {
    "available": true,
    "basic_info": {
      "estbDate": "20040315",
      "faclInfId": "20155824101",
      "faclLat": "37.56158099",
      "faclLng": "126.9423997",
      "faclNm": "이화신세계관",
      "faclTyCd": "대학교",
      "lcMnad": "서울특별시 서대문구 성산로 500",
      "salStaDivCd": "Y",
      "salStaNm": "영업",
      "wfcltDivCd": "017",
      "wfcltId": "1141011300-1-00220000"
    },
    "facility_features": {
      "evalInfo": [
        "승강기",
        "장애인사용가능화장실",
        "장애인전용주차구역",
        "주출입구 높이차이 제거",
        "주출입구(문)"
      ]
    },
    "accessibility_details": {
      "entrance": {
        "accessible": true,
        "features": [
          "주출입구 높이차이 제거",
          "주출입구(문)"
        ]
      },
      "parking": {
        "available": true,
        "features": [
          "장애인전용주차구역"
        ]
      },
      "restroom": {
        "available": true,
        "features": [
          "장애인사용가능화장실"
        ]
      },
      "elevator": {
        "available": false
      }
    }
  },
  "llm_analysis": {
    "external_accessibility_score": 8,
    "internal_accessibility_score": 6,
    "final_accessibility_score": 7,
    "stairs_count": 5,
    "stairs_height": "낮은 계단",
    "alternative_route": true,
    "alternative_route_description": "경사로가 없으나 주출입구에 높이차이가 제거되어 있어 대체 경로 가능",
    "recommendations": [
      "계단 옆에 경사로 설치 권장",
      "계단에 점자 블록 및 핸드레일 설치 필요",
      "주출입구 문 개폐 편의성 개선 필요"
    ],
    "observations": [
      "건물 입구에 낮은 계단이 존재함",
      "승강기 정보가 없어 엘리베이터 설치 여부 불확실",
      "장애인전용주차구역이 마련되어 있음"
    ],
    "improvement_suggestions": [
      "계단 옆 경사로 설치로 접근성 향상",
      "승강기 설치 확인 및 정보 제공 필요",
      "점자 안내판, 음성 유도 장치 등 설비 보완"
    ]
  },
  "timestamp": "2025-05-12T18:06:22.454708"
}