{
  "image_path": "data/images/서울특별시_서대문구_북아현로6길_9-6.png",
  "overlay_path": "/Users/kimseojin/Desktop/Yonsei/3학년/테크포임팩트프로젝트/accessibility_analyzer/data/results/overlays/서울특별시_서대문구_북아현로6길_9-6_overlay_20250512_182223.png",
  "location_info": {
    "latitude": null,
    "longitude": null,
    "address": null,
    "building_name": null,
    "siDoNm": "서울특별시",
    "cggNm": "서대문구",
    "faclNm": null,
    "roadNm": "북아현로6길_9-6"
  },
  "accessibility_info": {
    "has_stairs": false,
    "has_ramp": false,
    "entrance_accessible": true,
    "obstacles": [],
    "obstacle_details": {
      "building": {
        "pixel_count": 21692,
        "ratio": 0.84734375
      }
    },
    "has_building": true,
    "accessibility_score": 10
  },
  "facility_info": {
    "available": true,
    "basic_info": {
      "estbDate": "19990526",
      "faclInfId": "20155823623",
      "faclLat": "37.56149053",
      "faclLng": "126.9572398",
      "faclNm": "기독교대한성결교회(북아현교회)",
      "faclTyCd": "종교집회장",
      "lcMnad": "서울특별시 서대문구 북아현로6길 9-6",
      "salStaDivCd": "Y",
      "salStaNm": "영업",
      "wfcltDivCd": "017",
      "wfcltId": "1141011000-1-01180011"
    },
    "facility_features": {
      "evalInfo": [
        "장애인전용주차구역",
        "주출입구 높이차이 제거",
        "주출입구 접근로",
        "주출입구(문)"
      ]
    },
    "accessibility_details": {
      "entrance": {
        "accessible": true,
        "features": [
          "주출입구 높이차이 제거",
          "주출입구 접근로",
          "주출입구(문)"
        ]
      },
      "parking": {
        "available": true,
        "features": [
          "장애인전용주차구역"
        ]
      },
      "restroom": {
        "available": false,
        "features": []
      },
      "elevator": {
        "available": false
      }
    }
  },
  "llm_analysis": {
    "external_accessibility_score": 10,
    "internal_accessibility_score": 3,
    "final_accessibility_score": 6,
    "stairs_count": 0,
    "stairs_height": "계단 존재하지 않음",
    "alternative_route": true,
    "alternative_route_description": "주출입구 접근로와 높이차이 제거가 되어있어 휠체어로 출입 가능",
    "recommendations": [
      "장애인 화장실 설치 필요",
      "엘리베이터 설치하여 내부시설 접근성 개선",
      "유도 및 안내 설비 마련으로 편의성 제고"
    ],
    "observations": [
      "외부에서 출입구까지 장애물없이 접근 가능",
      "주출입구 문턱이 제거되어 있음",
      "장애인 주차구역 마련되어 있음"
    ],
    "improvement_suggestions": [
      "내부에 장애인 화장실 설치",
      "엘리베이터 등 수직이동 설비 마련",
      "시각 및 청각장애인을 위한 유도 안내 설비 구축"
    ]
  },
  "timestamp": "2025-05-12T18:22:43.276670"
}