{
  "image_path": "data/images/서울특별시_서대문구_연세로2길_48.png",
  "overlay_path": "/Users/kimseojin/Desktop/Yonsei/3학년/테크포임팩트프로젝트/accessibility_analyzer/data/results/overlays/서울특별시_서대문구_연세로2길_48_overlay_20250512_181347.png",
  "location_info": {
    "latitude": null,
    "longitude": null,
    "address": null,
    "building_name": null,
    "siDoNm": "서울특별시",
    "cggNm": "서대문구",
    "faclNm": null,
    "roadNm": "연세로2길_48"
  },
  "accessibility_info": {
    "has_stairs": false,
    "has_ramp": false,
    "entrance_accessible": true,
    "obstacles": [],
    "obstacle_details": {
      "door": {
        "pixel_count": 218,
        "ratio": 0.008515625,
        "estimated_width": "narrow"
      },
      "building": {
        "pixel_count": 9352,
        "ratio": 0.3653125
      }
    },
    "has_door": true,
    "has_building": true,
    "accessibility_score": 7
  },
  "facility_info": {
    "available": true,
    "basic_info": {
      "estbDate": "20040629",
      "faclInfId": "20155827694",
      "faclLat": "0",
      "faclLng": "0",
      "faclNm": "일반숙박시설",
      "faclTyCd": "일반숙박시설",
      "lcMnad": "서울특별시 서대문구 연세로2길 48",
      "salStaDivCd": "Y",
      "salStaNm": "영업",
      "wfcltDivCd": "017",
      "wfcltId": "1141011600-1-00200038"
    },
    "facility_features": {
      "evalInfo": [
        "주출입구 높이차이 제거",
        "주출입구 접근로",
        "주출입구(문)"
      ]
    },
    "accessibility_details": {
      "entrance": {
        "accessible": true,
        "features": [
          "주출입구 높이차이 제거",
          "주출입구 접근로",
          "주출입구(문)"
        ]
      },
      "parking": {
        "available": false,
        "features": []
      },
      "restroom": {
        "available": false,
        "features": []
      },
      "elevator": {
        "available": false
      }
    }
  },
  "llm_analysis": {
    "external_accessibility_score": 7,
    "internal_accessibility_score": 4,
    "final_accessibility_score": 5,
    "stairs_count": 0,
    "stairs_height": "해당 없음",
    "alternative_route": false,
    "alternative_route_description": "대체 경로 없음",
    "recommendations": [
      "장애인 주차 공간 마련 필요",
      "장애인용 화장실 설치 권장",
      "엘리베이터 설치 검토 필요"
    ],
    "observations": [
      "주출입구 접근로와 높이차이 제거로 출입구 접근성은 양호",
      "내부 이동을 위한 엘리베이터 등의 시설 부재",
      "장애인 주차 공간과 화장실 미비"
    ],
    "improvement_suggestions": [
      "1층에 장애인용 화장실 마련",
      "건물 내 엘리베이터 설치로 수직 이동 개선",
      "장애인 전용 주차 공간 확보"
    ]
  },
  "timestamp": "2025-05-12T18:14:05.873010"
}