{
  "image_path": "data/images/서울특별시_서대문구_연세로_38.png",
  "overlay_path": "/Users/kimseojin/Desktop/Yonsei/3학년/테크포임팩트프로젝트/accessibility_analyzer/data/results/overlays/서울특별시_서대문구_연세로_38_overlay_20250512_181258.png",
  "location_info": {
    "latitude": null,
    "longitude": null,
    "address": null,
    "building_name": null,
    "siDoNm": "서울특별시",
    "cggNm": "서대문구",
    "faclNm": null,
    "roadNm": "연세로_38"
  },
  "accessibility_info": {
    "has_stairs": false,
    "has_ramp": false,
    "entrance_accessible": true,
    "obstacles": [],
    "obstacle_details": {
      "building": {
        "pixel_count": 19151,
        "ratio": 0.7480859375
      }
    },
    "has_building": true,
    "accessibility_score": 10
  },
  "facility_info": {
    "available": true,
    "basic_info": {
      "estbDate": "20100330",
      "faclInfId": "20155827451",
      "faclLat": "37.55915933",
      "faclLng": "126.9376857",
      "faclNm": "창천교회",
      "faclTyCd": "종교집회장",
      "lcMnad": "서울특별시 서대문구 연세로 38",
      "salStaDivCd": "Y",
      "salStaNm": "영업",
      "wfcltDivCd": "017",
      "wfcltId": "1141011600-1-00470039"
    },
    "facility_features": {
      "evalInfo": [
        "장애인전용주차구역",
        "주출입구 높이차이 제거",
        "주출입구 접근로",
        "주출입구(문)"
      ]
    },
    "accessibility_details": {
      "entrance": {
        "accessible": true,
        "features": [
          "주출입구 높이차이 제거",
          "주출입구 접근로",
          "주출입구(문)"
        ]
      },
      "parking": {
        "available": true,
        "features": [
          "장애인전용주차구역"
        ]
      },
      "restroom": {
        "available": false,
        "features": []
      },
      "elevator": {
        "available": false
      }
    }
  },
  "llm_analysis": {
    "external_accessibility_score": 10,
    "internal_accessibility_score": 4,
    "final_accessibility_score": 7,
    "stairs_count": 0,
    "stairs_height": "해당 없음",
    "alternative_route": false,
    "alternative_route_description": "대체 경로 없음. 현재 장애인 접근 가능한 주출입구가 있습니다.",
    "recommendations": [
      "장애인 화장실 설치를 검토해 볼 것",
      "엘리베이터 설치 여부를 확인하고 필요시 설치 고려",
      "유도 및 안내 설비 설치로 접근성 보완"
    ],
    "observations": [
      "외부에서 건물 내부로 직접 접근 가능한 출입구 있음",
      "계단이나 높이 차이 없이 접근 가능",
      "장애인 전용 주차 구역 마련되어 있음"
    ],
    "improvement_suggestions": [
      "내부 시설 보완을 통해 장애인 접근성 수준을 한층 더 높일 수 있음",
      "화장실, 엘리베이터 등 추가 설비 마련시 포괄적 접근성 확보 가능"
    ]
  },
  "timestamp": "2025-05-12T18:13:21.583782"
}