{
  "image_path": "data/images/서울특별시_서대문구_신촌로_121.png",
  "overlay_path": "/Users/kimseojin/Desktop/Yonsei/3학년/테크포임팩트프로젝트/accessibility_analyzer/data/results/overlays/서울특별시_서대문구_신촌로_121_overlay_20250512_181057.png",
  "location_info": {
    "latitude": null,
    "longitude": null,
    "address": null,
    "building_name": null,
    "siDoNm": "서울특별시",
    "cggNm": "서대문구",
    "faclNm": null,
    "roadNm": "신촌로_121"
  },
  "accessibility_info": {
    "has_stairs": false,
    "has_ramp": false,
    "entrance_accessible": true,
    "obstacles": [],
    "obstacle_details": {
      "building": {
        "pixel_count": 17235,
        "ratio": 0.6732421875
      }
    },
    "has_sidewalk": true,
    "has_building": true,
    "accessibility_score": 10
  },
  "facility_info": {
    "available": true,
    "basic_info": {
      "estbDate": "20011207",
      "faclInfId": "20155825537",
      "faclLat": "0",
      "faclLng": "0",
      "faclNm": "아남오피스텔",
      "faclTyCd": "금융업소 등 일반업무시설",
      "lcMnad": "서울특별시 서대문구 신촌로 121",
      "salStaDivCd": "Y",
      "salStaNm": "영업",
      "wfcltDivCd": "017",
      "wfcltId": "1141011600-3-00200041"
    },
    "facility_features": {
      "evalInfo": [
        "승강기",
        "장애인전용주차구역",
        "주출입구 높이차이 제거",
        "주출입구 접근로",
        "주출입구(문)"
      ]
    },
    "accessibility_details": {
      "entrance": {
        "accessible": true,
        "features": [
          "주출입구 높이차이 제거",
          "주출입구 접근로",
          "주출입구(문)"
        ]
      },
      "parking": {
        "available": true,
        "features": [
          "장애인전용주차구역"
        ]
      },
      "restroom": {
        "available": false,
        "features": []
      },
      "elevator": {
        "available": false
      }
    }
  },
  "llm_analysis": {
    "external_accessibility_score": 10,
    "internal_accessibility_score": 6,
    "final_accessibility_score": 8,
    "stairs_count": 0,
    "stairs_height": "없음",
    "alternative_route": false,
    "alternative_route_description": "계단이 없어 대체 경로가 필요하지 않음",
    "recommendations": [
      "장애인 화장실 설치 검토",
      "엘리베이터 설치 여부 확인 및 필요시 설치 검토",
      "유도 및 안내 설비 설치 검토"
    ],
    "observations": [
      "계단이 없어 외부 접근성이 매우 좋음",
      "주출입구 접근로, 높이차이 제거, 출입문 등 입구 접근성 양호",
      "장애인 전용 주차 구역 마련",
      "장애인 화장실 및 엘리베이터 정보 부재"
    ],
    "improvement_suggestions": [
      "내부 시설에 대한 추가 정보 수집",
      "장애인 화장실 설치 필요성 평가 및 설치 권장",
      "엘리베이터 유무 파악 및 설치 권장",
      "시각장애인을 위한 점자블록, 음성안내 등 유도 설비 마련 검토"
    ]
  },
  "timestamp": "2025-05-12T18:11:19.349226"
}