{
  "image_path": "data/images/서울특별시_서대문구_신촌로_157.png",
  "overlay_path": "/Users/kimseojin/Desktop/Yonsei/3학년/테크포임팩트프로젝트/accessibility_analyzer/data/results/overlays/서울특별시_서대문구_신촌로_157_overlay_20250512_181209.png",
  "location_info": {
    "latitude": null,
    "longitude": null,
    "address": null,
    "building_name": null,
    "siDoNm": "서울특별시",
    "cggNm": "서대문구",
    "faclNm": null,
    "roadNm": "신촌로_157"
  },
  "accessibility_info": {
    "has_stairs": false,
    "has_ramp": false,
    "entrance_accessible": true,
    "obstacles": [],
    "obstacle_details": {
      "building": {
        "pixel_count": 18101,
        "ratio": 0.7070703125
      }
    },
    "has_sidewalk": true,
    "has_building": true,
    "accessibility_score": 10
  },
  "facility_info": {
    "available": true,
    "basic_info": {
      "estbDate": "20200403",
      "faclInfId": "20155825543",
      "faclLat": "0",
      "faclLng": "0",
      "faclNm": "화영빌딩",
      "faclTyCd": "의원·치과의원·한의원·조산소·산후조리원",
      "lcMnad": "서울특별시 서대문구 신촌로 157",
      "salStaDivCd": "Y",
      "salStaNm": "영업",
      "wfcltDivCd": "017",
      "wfcltId": "1141011200-1-00900085"
    },
    "facility_features": {
      "evalInfo": [
        "승강기",
        "주출입구 높이차이 제거",
        "주출입구 접근로",
        "주출입구(문)"
      ]
    },
    "accessibility_details": {
      "entrance": {
        "accessible": true,
        "features": [
          "주출입구 높이차이 제거",
          "주출입구 접근로",
          "주출입구(문)"
        ]
      },
      "parking": {
        "available": false,
        "features": []
      },
      "restroom": {
        "available": false,
        "features": []
      },
      "elevator": {
        "available": false
      }
    }
  },
  "llm_analysis": {
    "external_accessibility_score": 10,
    "internal_accessibility_score": 6,
    "final_accessibility_score": 8,
    "stairs_count": 0,
    "stairs_height": "계단이 없음",
    "alternative_route": true,
    "alternative_route_description": "외부에서 건물 입구까지 평평하게 이어진 접근로가 있음",
    "recommendations": [
      "엘리베이터를 설치하여 건물 내 상하 이동을 편리하게 할 것",
      "장애인 전용 주차구역을 마련하여 접근성을 높일 것",
      "장애인 이용 가능한 화장실을 설치할 것"
    ],
    "observations": [
      "건물 외부에서 입구까지 계단 없이 평탄하게 접근 가능함",
      "주출입구에 높이차이 없이 문으로 바로 진입할 수 있음",
      "건물 내에 엘리베이터가 없어서 수직 이동이 어려움"
    ],
    "improvement_suggestions": [
      "승강기를 설치해 건물 내부에서의 이동 편의성을 개선할 필요가 있음",
      "장애인용 주차 공간과 화장실을 마련해 방문객 편의를 도모할 것"
    ]
  },
  "timestamp": "2025-05-12T18:12:32.145406"
}