{
  "image_path": "data/images/서울특별시_서대문구_신촌로_215.png",
  "overlay_path": "/Users/kimseojin/Desktop/Yonsei/3학년/테크포임팩트프로젝트/accessibility_analyzer/data/results/overlays/서울특별시_서대문구_신촌로_215_overlay_20250512_182401.png",
  "location_info": {
    "latitude": null,
    "longitude": null,
    "address": null,
    "building_name": null,
    "siDoNm": "서울특별시",
    "cggNm": "서대문구",
    "faclNm": null,
    "roadNm": "신촌로_215"
  },
  "accessibility_info": {
    "has_stairs": true,
    "has_ramp": false,
    "entrance_accessible": true,
    "obstacles": [
      "stairs"
    ],
    "obstacle_details": {
      "stairs": {
        "pixel_count": 885,
        "ratio": 0.0345703125,
        "estimated_size": "small"
      },
      "building": {
        "pixel_count": 15767,
        "ratio": 0.6158984375
      }
    },
    "has_sidewalk": true,
    "has_building": true,
    "accessibility_score": 8
  },
  "facility_info": {
    "available": true,
    "basic_info": {
      "estbDate": "20020118",
      "faclInfId": "20155825778",
      "faclLat": "37.55727725",
      "faclLng": "126.9500433",
      "faclNm": "비쥬빌딩",
      "faclTyCd": "수퍼마켓·일용품 등의 소매점",
      "lcMnad": "서울특별시 서대문구 신촌로 215",
      "salStaDivCd": "Y",
      "salStaNm": "영업",
      "wfcltDivCd": "017",
      "wfcltId": "1141011000-1-02380030"
    },
    "facility_features": {
      "evalInfo": [
        "주출입구 접근로",
        "주출입구(문)"
      ]
    },
    "accessibility_details": {
      "entrance": {
        "accessible": true,
        "features": [
          "주출입구 접근로",
          "주출입구(문)"
        ]
      },
      "parking": {
        "available": false,
        "features": []
      },
      "restroom": {
        "available": false,
        "features": []
      },
      "elevator": {
        "available": false
      }
    }
  },
  "llm_analysis": {
    "external_accessibility_score": 8,
    "internal_accessibility_score": 3,
    "final_accessibility_score": 5,
    "stairs_count": 3,
    "stairs_height": "낮은 편",
    "alternative_route": false,
    "alternative_route_description": "주출입구 접근로가 있으므로 대체경로 불필요",
    "recommendations": [
      "장애인 전용 주차구역 마련 필요",
      "엘리베이터 설치로 계단 통행 불편함 해소 권장",
      "장애인 화장실 설치로 편의성 제고"
    ],
    "observations": [
      "외부 계단이 3단 정도로 높지 않은 편",
      "주출입구 접근로와 문이 갖춰져 양호한 편",
      "엘리베이터 부재로 내부 이동에 어려움 예상"
    ],
    "improvement_suggestions": [
      "장애인용 승강설비 확충 고려",
      "장애인 화장실 설치 검토",
      "장애인 전용 주차구역 지정"
    ]
  },
  "timestamp": "2025-05-12T18:24:22.110166"
}