{
  "image_path": "data/images/서울특별시_서대문구_북아현로_24.png",
  "overlay_path": "/Users/kimseojin/Desktop/Yonsei/3학년/테크포임팩트프로젝트/accessibility_analyzer/data/results/overlays/서울특별시_서대문구_북아현로_24_overlay_20250512_182245.png",
  "location_info": {
    "latitude": null,
    "longitude": null,
    "address": null,
    "building_name": null,
    "siDoNm": "서울특별시",
    "cggNm": "서대문구",
    "faclNm": null,
    "roadNm": "북아현로_24"
  },
  "accessibility_info": {
    "has_stairs": false,
    "has_ramp": false,
    "entrance_accessible": true,
    "obstacles": [],
    "obstacle_details": {
      "building": {
        "pixel_count": 20638,
        "ratio": 0.806171875
      }
    },
    "has_sidewalk": true,
    "has_building": true,
    "accessibility_score": 10
  },
  "facility_info": {
    "available": true,
    "basic_info": {
      "estbDate": "20050127",
      "faclInfId": "20155822206",
      "faclLat": "0",
      "faclLng": "0",
      "faclNm": "북아현1동복지관",
      "faclTyCd": "주차장",
      "lcMnad": "서울특별시 서대문구 북아현로 24",
      "salStaDivCd": "Y",
      "salStaNm": "영업",
      "wfcltDivCd": "017",
      "wfcltId": "1141011000-1-01290037"
    },
    "facility_features": {
      "evalInfo": [
        "주출입구 높이차이 제거",
        "주출입구 접근로"
      ]
    },
    "accessibility_details": {
      "entrance": {
        "accessible": true,
        "features": [
          "주출입구 높이차이 제거",
          "주출입구 접근로"
        ]
      },
      "parking": {
        "available": false,
        "features": []
      },
      "restroom": {
        "available": false,
        "features": []
      },
      "elevator": {
        "available": false
      }
    }
  },
  "llm_analysis": {
    "external_accessibility_score": 10,
    "internal_accessibility_score": 3,
    "final_accessibility_score": 6,
    "stairs_count": 0,
    "stairs_height": "계단 없음",
    "alternative_route": false,
    "alternative_route_description": "대체 경로 없음",
    "recommendations": [
      "장애인 주차 공간 마련 필요",
      "장애인용 화장실 설치 권장",
      "엘리베이터 설치 고려"
    ],
    "observations": [
      "계단이나 경사로 없이 접근 용이한 출입구",
      "주출입구 높이차이가 제거되어 있음",
      "주출입구로 이어지는 접근로 존재"
    ],
    "improvement_suggestions": [
      "내부 시설에 대한 장애인 접근성 개선이 시급함",
      "장애인 전용 주차구역 마련으로 편의성 제고",
      "엘리베이터 등 수직이동 수단 확보 노력 필요"
    ]
  },
  "timestamp": "2025-05-12T18:23:03.674422"
}