{
  "image_path": "data/images/서울특별시_서대문구_연세로2나길_5.png",
  "overlay_path": "/Users/kimseojin/Desktop/Yonsei/3학년/테크포임팩트프로젝트/accessibility_analyzer/data/results/overlays/서울특별시_서대문구_연세로2나길_5_overlay_20250512_181408.png",
  "location_info": {
    "latitude": null,
    "longitude": null,
    "address": null,
    "building_name": null,
    "siDoNm": "서울특별시",
    "cggNm": "서대문구",
    "faclNm": null,
    "roadNm": "연세로2나길_5"
  },
  "accessibility_info": {
    "has_stairs": true,
    "has_ramp": false,
    "entrance_accessible": true,
    "obstacles": [
      "stairs"
    ],
    "obstacle_details": {
      "stairs": {
        "pixel_count": 3,
        "ratio": 0.0001171875,
        "estimated_size": "very small"
      },
      "building": {
        "pixel_count": 21196,
        "ratio": 0.82796875
      }
    },
    "has_sidewalk": true,
    "has_building": true,
    "accessibility_score": 8
  },
  "facility_info": {
    "available": true,
    "basic_info": {
      "estbDate": "20150402",
      "faclInfId": "20155827700",
      "faclLat": "0",
      "faclLng": "0",
      "faclNm": "호텔 밀 하우스",
      "faclTyCd": "일반숙박시설",
      "lcMnad": "서울특별시 서대문구 연세로2나길 5",
      "salStaDivCd": "Y",
      "salStaNm": "영업",
      "wfcltDivCd": "017",
      "wfcltId": "1141011600-1-00290056"
    },
    "facility_features": {
      "evalInfo": [
        "주출입구 높이차이 제거",
        "주출입구 접근로",
        "주출입구(문)"
      ]
    },
    "accessibility_details": {
      "entrance": {
        "accessible": true,
        "features": [
          "주출입구 높이차이 제거",
          "주출입구 접근로",
          "주출입구(문)"
        ]
      },
      "parking": {
        "available": false,
        "features": []
      },
      "restroom": {
        "available": false,
        "features": []
      },
      "elevator": {
        "available": false
      }
    }
  },
  "llm_analysis": {
    "external_accessibility_score": 8,
    "internal_accessibility_score": 3,
    "final_accessibility_score": 5,
    "stairs_count": 1,
    "stairs_height": "낮음 (1-3계단)",
    "alternative_route": false,
    "alternative_route_description": "대안 경로 없음",
    "recommendations": [
      "1계단이 건물 입구에 있어 휠체어 이용자의 출입에 어려움이 있습니다. 경사로 설치를 검토하는 것이 좋겠습니다.",
      "장애인 전용 주차 구역과 화장실이 없어 추가 설치가 필요해 보입니다.",
      "엘리베이터 유무 정보가 없는 점이 아쉽습니다. 건물 규모에 따라 설치 여부를 확인해야 할 것 같습니다."
    ],
    "observations": [
      "주출입구 높이차이가 제거되어 있고 접근로와 출입문이 갖춰져 있어 좋습니다.",
      "계단은 1개로 높이가 낮아 극복 가능할 것으로 보이나, 대안 경로는 없는 상황입니다.",
      "내부 정보 부족으로 인해 내부 접근성 점수가 낮게 평가되었습니다."
    ],
    "improvement_suggestions": [
      "계단 극복을 위한 이동식 경사로라도 준비하면 좋을 것 같습니다.",
      "장애인 주차 구역과 화장실을 마련하여 편의성을 높이길 권장합니다.",
      "엘리베이터 설치 여부를 파악하고, 건물 규모 상 필요하다면 반드시 설치해야 합니다."
    ]
  },
  "timestamp": "2025-05-12T18:14:38.679131"
}