{
  "image_path": "data/images/서울특별시_서대문구_신촌로37길_10.png",
  "overlay_path": "/Users/kimseojin/Desktop/Yonsei/3학년/테크포임팩트프로젝트/accessibility_analyzer/data/results/overlays/서울특별시_서대문구_신촌로37길_10_overlay_20250512_182306.png",
  "location_info": {
    "latitude": null,
    "longitude": null,
    "address": null,
    "building_name": null,
    "siDoNm": "서울특별시",
    "cggNm": "서대문구",
    "faclNm": null,
    "roadNm": "신촌로37길_10"
  },
  "accessibility_info": {
    "has_stairs": false,
    "has_ramp": false,
    "entrance_accessible": true,
    "obstacles": [],
    "obstacle_details": {
      "building": {
        "pixel_count": 13696,
        "ratio": 0.535
      }
    },
    "has_sidewalk": true,
    "has_building": true,
    "accessibility_score": 10
  },
  "facility_info": {
    "available": true,
    "basic_info": {
      "estbDate": "20190806",
      "faclInfId": "20155826258",
      "faclLat": "37.55766549",
      "faclLng": "126.9571378",
      "faclNm": "우리내일병원",
      "faclTyCd": "병원·치과병원·한방병원·정신병원·요양병원",
      "lcMnad": "서울특별시 서대문구 신촌로37길 10",
      "salStaDivCd": "Y",
      "salStaNm": "영업",
      "wfcltDivCd": "017",
      "wfcltId": "1141011000-3-01260022"
    },
    "facility_features": {
      "evalInfo": [
        "승강기",
        "주출입구 높이차이 제거",
        "주출입구 접근로",
        "주출입구(문)"
      ]
    },
    "accessibility_details": {
      "entrance": {
        "accessible": true,
        "features": [
          "주출입구 높이차이 제거",
          "주출입구 접근로",
          "주출입구(문)"
        ]
      },
      "parking": {
        "available": false,
        "features": []
      },
      "restroom": {
        "available": false,
        "features": []
      },
      "elevator": {
        "available": false
      }
    }
  },
  "llm_analysis": {
    "external_accessibility_score": 10,
    "internal_accessibility_score": 7,
    "final_accessibility_score": 8,
    "stairs_count": 0,
    "stairs_height": "없음",
    "alternative_route": true,
    "alternative_route_description": "주출입구로 연결된 접근로가 있어 대안 경로 존재",
    "recommendations": [
      "장애인 화장실 및 주차구역 추가 설치 권장",
      "엘리베이터 설치 여부 재확인 필요"
    ],
    "observations": [
      "계단이 없어 외부 접근성이 매우 우수함",
      "주출입구 진입이 용이하게 설계됨"
    ],
    "improvement_suggestions": [
      "장애인 화장실 마련하여 내부 접근성 개선",
      "장애인 전용 주차구역 마련",
      "유도 및 안내 설비 설치로 편의성 제고"
    ]
  },
  "timestamp": "2025-05-12T18:23:20.772033"
}