{
  "image_path": "data/images/서울특별시_서대문구_성산로_565.png",
  "overlay_path": "/Users/kimseojin/Desktop/Yonsei/3학년/테크포임팩트프로젝트/accessibility_analyzer/data/results/overlays/서울특별시_서대문구_성산로_565_overlay_20250512_182820.png",
  "location_info": {
    "latitude": null,
    "longitude": null,
    "address": null,
    "building_name": null,
    "siDoNm": "서울특별시",
    "cggNm": "서대문구",
    "faclNm": null,
    "roadNm": "성산로_565"
  },
  "accessibility_info": {
    "has_stairs": false,
    "has_ramp": false,
    "entrance_accessible": true,
    "obstacles": [],
    "obstacle_details": {
      "building": {
        "pixel_count": 18637,
        "ratio": 0.7280078125
      }
    },
    "has_sidewalk": true,
    "has_building": true,
    "accessibility_score": 10
  },
  "facility_info": {
    "available": true,
    "basic_info": {
      "estbDate": "20100816",
      "faclInfId": "20155824103",
      "faclLat": "0",
      "faclLng": "0",
      "faclNm": "연세대학교 대신빌딩",
      "faclTyCd": "금융업소 등 일반업무시설",
      "lcMnad": "서울특별시 서대문구 성산로 565",
      "salStaDivCd": "Y",
      "salStaNm": "영업",
      "wfcltDivCd": "017",
      "wfcltId": "1141011300-1-01150000"
    },
    "facility_features": {
      "evalInfo": [
        "승강기",
        "장애인사용가능화장실",
        "장애인전용주차구역",
        "주출입구 높이차이 제거",
        "주출입구 접근로",
        "주출입구(문)"
      ]
    },
    "accessibility_details": {
      "entrance": {
        "accessible": true,
        "features": [
          "주출입구 높이차이 제거",
          "주출입구 접근로",
          "주출입구(문)"
        ]
      },
      "parking": {
        "available": true,
        "features": [
          "장애인전용주차구역"
        ]
      },
      "restroom": {
        "available": true,
        "features": [
          "장애인사용가능화장실"
        ]
      },
      "elevator": {
        "available": false
      }
    }
  },
  "llm_analysis": {
    "external_accessibility_score": 10,
    "internal_accessibility_score": 7,
    "final_accessibility_score": 8,
    "stairs_count": 0,
    "stairs_height": "계단이 없습니다",
    "alternative_route": false,
    "alternative_route_description": "대체 경로가 필요하지 않습니다",
    "recommendations": [
      "장애인사용가능객실과 유도 및 안내 설비를 추가로 갖추는 것이 좋겠습니다",
      "승강기 설치를 고려해 보시기 바랍니다"
    ],
    "observations": [
      "건물 외부에 계단이나 경사로가 없고 주출입구로 직접 진입이 가능해 외부 접근성이 우수합니다",
      "내부적으로는 장애인 화장실과 주차 공간이 마련되어 있습니다"
    ],
    "improvement_suggestions": [
      "엘리베이터 설치로 수직 이동 편의성을 높일 수 있습니다",
      "객실과 안내 설비 개선으로 이용 편의성을 제고할 수 있겠습니다"
    ]
  },
  "timestamp": "2025-05-12T18:28:37.273649"
}