{
  "image_path": "data/images/서울특별시_서대문구_신촌로_169-6.png",
  "overlay_path": "/Users/kimseojin/Desktop/Yonsei/3학년/테크포임팩트프로젝트/accessibility_analyzer/data/results/overlays/서울특별시_서대문구_신촌로_169-6_overlay_20250512_182451.png",
  "location_info": {
    "latitude": null,
    "longitude": null,
    "address": null,
    "building_name": null,
    "siDoNm": "서울특별시",
    "cggNm": "서대문구",
    "faclNm": null,
    "roadNm": "신촌로_169-6"
  },
  "accessibility_info": {
    "has_stairs": false,
    "has_ramp": false,
    "entrance_accessible": true,
    "obstacles": [],
    "obstacle_details": {
      "building": {
        "pixel_count": 19548,
        "ratio": 0.76359375
      }
    },
    "has_sidewalk": true,
    "has_building": true,
    "accessibility_score": 10
  },
  "facility_info": {
    "available": true,
    "basic_info": {
      "estbDate": "20210907",
      "faclInfId": "20155825545",
      "faclLat": "0",
      "faclLng": "0",
      "faclNm": "이대역 STARGATE",
      "faclTyCd": "금융업소 등 일반업무시설",
      "lcMnad": "서울특별시 서대문구 신촌로 169-6",
      "salStaDivCd": "Y",
      "salStaNm": "영업",
      "wfcltDivCd": "017",
      "wfcltId": "1141011200-3-00400038"
    },
    "facility_features": {
      "evalInfo": [
        "승강기",
        "장애인전용주차구역",
        "주출입구 높이차이 제거",
        "주출입구 접근로",
        "주출입구(문)"
      ]
    },
    "accessibility_details": {
      "entrance": {
        "accessible": true,
        "features": [
          "주출입구 높이차이 제거",
          "주출입구 접근로",
          "주출입구(문)"
        ]
      },
      "parking": {
        "available": true,
        "features": [
          "장애인전용주차구역"
        ]
      },
      "restroom": {
        "available": false,
        "features": []
      },
      "elevator": {
        "available": false
      }
    }
  },
  "llm_analysis": {
    "external_accessibility_score": 10,
    "internal_accessibility_score": 5,
    "final_accessibility_score": 7,
    "stairs_count": 0,
    "stairs_height": "계단 없음",
    "alternative_route": false,
    "alternative_route_description": "대체 경로 필요 없음",
    "recommendations": [
      "장애인 화장실 설치 필요",
      "엘리베이터 설치 또는 관련 정보 제공 필요",
      "유도 및 안내 설비 설치 권장"
    ],
    "observations": [
      "주출입구 접근성은 매우 우수함",
      "장애인 주차 구역 마련되어 있음",
      "내부 시설 접근성 개선의 여지가 있음"
    ],
    "improvement_suggestions": [
      "장애인용 화장실 신설 검토",
      "승강기 설치 여부 파악 및 안내 강화",
      "시각장애인용 점자블록, 음성안내 등 설치 고려"
    ]
  },
  "timestamp": "2025-05-12T18:25:09.110229"
}