{
  "image_path": "data/images/서울특별시_서대문구_북아현로1길_31.png",
  "overlay_path": "/Users/kimseojin/Desktop/Yonsei/3학년/테크포임팩트프로젝트/accessibility_analyzer/data/results/overlays/서울특별시_서대문구_북아현로1길_31_overlay_20250512_182323.png",
  "location_info": {
    "latitude": null,
    "longitude": null,
    "address": null,
    "building_name": null,
    "siDoNm": "서울특별시",
    "cggNm": "서대문구",
    "faclNm": null,
    "roadNm": "북아현로1길_31"
  },
  "accessibility_info": {
    "has_stairs": false,
    "has_ramp": false,
    "entrance_accessible": true,
    "obstacles": [],
    "obstacle_details": {
      "building": {
        "pixel_count": 16780,
        "ratio": 0.65546875
      }
    },
    "has_sidewalk": true,
    "has_building": true,
    "accessibility_score": 10
  },
  "facility_info": {
    "available": true,
    "basic_info": {
      "estbDate": "20140328",
      "faclInfId": "20155822671",
      "faclLat": "37.55926561",
      "faclLng": "126.9531986",
      "faclNm": "대한예수교장로회 영광교회",
      "faclTyCd": "종교집회장",
      "lcMnad": "서울특별시 서대문구 북아현로1길 31",
      "salStaDivCd": "Y",
      "salStaNm": "영업",
      "wfcltDivCd": "017",
      "wfcltId": "1141011000-1-10110002"
    },
    "facility_features": {
      "evalInfo": [
        "장애인전용주차구역",
        "주출입구 높이차이 제거",
        "주출입구 접근로",
        "주출입구(문)"
      ]
    },
    "accessibility_details": {
      "entrance": {
        "accessible": true,
        "features": [
          "주출입구 높이차이 제거",
          "주출입구 접근로",
          "주출입구(문)"
        ]
      },
      "parking": {
        "available": true,
        "features": [
          "장애인전용주차구역"
        ]
      },
      "restroom": {
        "available": false,
        "features": []
      },
      "elevator": {
        "available": false
      }
    }
  },
  "llm_analysis": {
    "external_accessibility_score": 10,
    "internal_accessibility_score": 5,
    "final_accessibility_score": 7,
    "stairs_count": 0,
    "stairs_height": "건물 출입구에 계단이 없음",
    "alternative_route": true,
    "alternative_route_description": "건물 출입구 앞 보도로 접근 가능",
    "recommendations": [
      "장애인 화장실 설치 필요",
      "엘리베이터 설치 고려"
    ],
    "observations": [
      "주출입구 접근성은 양호함",
      "장애인 전용 주차구역 확보",
      "장애인용 편의시설 일부 미비"
    ],
    "improvement_suggestions": [
      "건물 내부에 장애인용 화장실 마련",
      "엘리베이터 또는 리프트 설치로 수직 이동권 보장"
    ]
  },
  "timestamp": "2025-05-12T18:23:38.591329"
}