{
  "image_path": "data/images/서울특별시_서대문구_신촌로_129.png",
  "overlay_path": "/Users/kimseojin/Desktop/Yonsei/3학년/테크포임팩트프로젝트/accessibility_analyzer/data/results/overlays/서울특별시_서대문구_신촌로_129_overlay_20250512_181122.png",
  "location_info": {
    "latitude": null,
    "longitude": null,
    "address": null,
    "building_name": null,
    "siDoNm": "서울특별시",
    "cggNm": "서대문구",
    "faclNm": null,
    "roadNm": "신촌로_129"
  },
  "accessibility_info": {
    "has_stairs": true,
    "has_ramp": false,
    "entrance_accessible": true,
    "obstacles": [
      "stairs"
    ],
    "obstacle_details": {
      "stairs": {
        "pixel_count": 118,
        "ratio": 0.004609375,
        "estimated_size": "very small"
      },
      "building": {
        "pixel_count": 18394,
        "ratio": 0.718515625
      }
    },
    "has_sidewalk": true,
    "has_building": true,
    "accessibility_score": 8
  },
  "facility_info": {
    "available": true,
    "basic_info": {
      "estbDate": "20030811",
      "faclInfId": "20155825538",
      "faclLat": "37.55656393",
      "faclLng": "126.9403281",
      "faclNm": "아트레온",
      "faclTyCd": "주차장",
      "lcMnad": "서울특별시 서대문구 신촌로 129",
      "salStaDivCd": "Y",
      "salStaNm": "영업",
      "wfcltDivCd": "017",
      "wfcltId": "1141011600-1-00200025"
    },
    "facility_features": {
      "evalInfo": [
        "주출입구 높이차이 제거",
        "주출입구 접근로"
      ]
    },
    "accessibility_details": {
      "entrance": {
        "accessible": true,
        "features": [
          "주출입구 높이차이 제거",
          "주출입구 접근로"
        ]
      },
      "parking": {
        "available": false,
        "features": []
      },
      "restroom": {
        "available": false,
        "features": []
      },
      "elevator": {
        "available": false
      }
    }
  },
  "llm_analysis": {
    "external_accessibility_score": 8,
    "internal_accessibility_score": 4,
    "final_accessibility_score": 6,
    "stairs_count": 1,
    "stairs_height": "매우 낮음",
    "alternative_route": true,
    "alternative_route_description": "건물 정면에 계단이 있지만 주출입구로 높이차이 없이 접근 가능함",
    "recommendations": [
      "장애인 주차구역 및 화장실 설치 필요",
      "엘리베이터 설치 여부 확인 및 필요시 설치 고려"
    ],
    "observations": [
      "주출입구는 계단 없이 접근 가능함",
      "계단은 존재하지만 높이가 매우 낮은 편임",
      "장애인 주차구역, 화장실, 엘리베이터 정보가 없음"
    ],
    "improvement_suggestions": [
      "장애인 전용 주차구역 마련",
      "장애인용 화장실 설치",
      "엘리베이터 설치 여부 파악 및 필요시 설치 검토",
      "안내 표지판 등을 통한 접근성 정보 안내 개선"
    ]
  },
  "timestamp": "2025-05-12T18:11:41.839262"
}