{
  "image_path": "data/images/서울특별시_서대문구_성산로_573.png",
  "overlay_path": "/Users/kimseojin/Desktop/Yonsei/3학년/테크포임팩트프로젝트/accessibility_analyzer/data/results/overlays/서울특별시_서대문구_성산로_573_overlay_20250512_182728.png",
  "location_info": {
    "latitude": null,
    "longitude": null,
    "address": null,
    "building_name": null,
    "siDoNm": "서울특별시",
    "cggNm": "서대문구",
    "faclNm": null,
    "roadNm": "성산로_573"
  },
  "accessibility_info": {
    "has_stairs": true,
    "has_ramp": false,
    "entrance_accessible": true,
    "obstacles": [
      "stairs"
    ],
    "obstacle_details": {
      "stairs": {
        "pixel_count": 20,
        "ratio": 0.00078125,
        "estimated_size": "very small"
      },
      "building": {
        "pixel_count": 19676,
        "ratio": 0.76859375
      }
    },
    "has_sidewalk": true,
    "has_building": true,
    "accessibility_score": 8
  },
  "facility_info": {
    "available": true,
    "basic_info": {
      "estbDate": "20030523",
      "faclInfId": "20155824580",
      "faclLat": "0",
      "faclLng": "0",
      "faclNm": "일반음식점",
      "faclTyCd": "일반음식점",
      "lcMnad": "서울특별시 서대문구 성산로 573",
      "salStaDivCd": "Y",
      "salStaNm": "영업",
      "wfcltDivCd": "017",
      "wfcltId": "1141011300-1-01250005"
    },
    "facility_features": {
      "evalInfo": [
        "주출입구 높이차이 제거",
        "주출입구 접근로",
        "주출입구(문)"
      ]
    },
    "accessibility_details": {
      "entrance": {
        "accessible": true,
        "features": [
          "주출입구 높이차이 제거",
          "주출입구 접근로",
          "주출입구(문)"
        ]
      },
      "parking": {
        "available": false,
        "features": []
      },
      "restroom": {
        "available": false,
        "features": []
      },
      "elevator": {
        "available": false
      }
    }
  },
  "llm_analysis": {
    "external_accessibility_score": 8,
    "internal_accessibility_score": 5,
    "final_accessibility_score": 6,
    "stairs_count": 1,
    "stairs_height": "매우 낮음(very small)",
    "alternative_route": true,
    "alternative_route_description": "주출입구에 높이차이가 제거되어 있고 접근로가 있어 계단을 이용하지 않고도 쉽게 접근 가능합니다.",
    "recommendations": [
      "주출입구의 접근성이 높게 확보되어 있어 좋습니다. 앞으로도 잘 유지 관리해주시기 바랍니다.",
      "장애인 전용 주차구역과 장애인용 화장실 설치를 고려해보는 것이 좋겠습니다."
    ],
    "observations": [
      "외부에 작은 계단이 존재하지만 주출입구로 접근하는데는 큰 문제가 없어 보입니다.",
      "내부에 엘리베이터나 장애인용 화장실은 없는 것으로 파악됩니다."
    ],
    "improvement_suggestions": [
      "향후 리모델링 시에는 장애인용 화장실 설치를 적극 검토해보시기 바랍니다.",
      "주차장에 장애인 전용 주차구역을 마련하면 접근성이 한층 높아질 것 같습니다."
    ]
  },
  "timestamp": "2025-05-12T18:27:50.823217"
}