{
  "image_path": "data/images/서울특별시_서대문구_신촌로_203.png",
  "overlay_path": "/Users/kimseojin/Desktop/Yonsei/3학년/테크포임팩트프로젝트/accessibility_analyzer/data/results/overlays/서울특별시_서대문구_신촌로_203_overlay_20250512_182424.png",
  "location_info": {
    "latitude": null,
    "longitude": null,
    "address": null,
    "building_name": null,
    "siDoNm": "서울특별시",
    "cggNm": "서대문구",
    "faclNm": null,
    "roadNm": "신촌로_203"
  },
  "accessibility_info": {
    "has_stairs": false,
    "has_ramp": false,
    "entrance_accessible": true,
    "obstacles": [],
    "obstacle_details": {
      "building": {
        "pixel_count": 20328,
        "ratio": 0.7940625
      }
    },
    "has_sidewalk": true,
    "has_building": true,
    "accessibility_score": 10
  },
  "facility_info": {
    "available": true,
    "basic_info": {
      "estbDate": "20161110",
      "faclInfId": "20155825774",
      "faclLat": "0",
      "faclLng": "0",
      "faclNm": "핀란드타워",
      "faclTyCd": "금융업소 등 일반업무시설",
      "lcMnad": "서울특별시 서대문구 신촌로 203",
      "salStaDivCd": "Y",
      "salStaNm": "영업",
      "wfcltDivCd": "017",
      "wfcltId": "1141011200-1-00670005"
    },
    "facility_features": {
      "evalInfo": [
        "승강기",
        "장애인사용가능화장실",
        "장애인전용주차구역",
        "주출입구 높이차이 제거",
        "주출입구 접근로",
        "주출입구(문)"
      ]
    },
    "accessibility_details": {
      "entrance": {
        "accessible": true,
        "features": [
          "주출입구 높이차이 제거",
          "주출입구 접근로",
          "주출입구(문)"
        ]
      },
      "parking": {
        "available": true,
        "features": [
          "장애인전용주차구역"
        ]
      },
      "restroom": {
        "available": true,
        "features": [
          "장애인사용가능화장실"
        ]
      },
      "elevator": {
        "available": false
      }
    }
  },
  "llm_analysis": {
    "external_accessibility_score": 10,
    "internal_accessibility_score": 7,
    "final_accessibility_score": 8,
    "stairs_count": 0,
    "stairs_height": "계단이 없습니다.",
    "alternative_route": false,
    "alternative_route_description": "인도로부터 주 출입구까지 장애물이 없는 접근로가 확보되어 있어 대안 경로가 불필요합니다.",
    "recommendations": [
      "내부에 승강기를 설치하여 수직 이동 편의성을 높일 것을 권장합니다.",
      "장애인 사용 객실을 마련하여 숙박 접근성을 개선하는 것이 좋겠습니다.",
      "시각장애인을 위한 점자 블록, 음성 안내 등의 유도 설비 설치를 고려해 보시기 바랍니다."
    ],
    "observations": [
      "주출입구까지 계단이나 높이 차이 없이 접근 가능한 것으로 보입니다.",
      "장애인 전용 주차 구역과 화장실이 마련되어 기본적인 편의시설은 갖추고 있습니다."
    ],
    "improvement_suggestions": [
      "내부에 엘리베이터를 설치하여 수직 이동에 불편함이 없도록 개선이 필요합니다.",
      "객실 중 일부를 장애인용으로 개조하여 숙박 편의성을 높이는 것이 좋겠습니다.",
      "시각장애인을 위한 점자 블록이나 음성 유도 장치 등을 설치하여 정보 접근성을 제고할 것을 제안합니다."
    ]
  },
  "timestamp": "2025-05-12T18:24:48.835737"
}