{
  "image_path": "data/images/서울특별시_서대문구_신촌로29길_11.png",
  "overlay_path": "/Users/kimseojin/Desktop/Yonsei/3학년/테크포임팩트프로젝트/accessibility_analyzer/data/results/overlays/서울특별시_서대문구_신촌로29길_11_overlay_20250512_182341.png",
  "location_info": {
    "latitude": null,
    "longitude": null,
    "address": null,
    "building_name": null,
    "siDoNm": "서울특별시",
    "cggNm": "서대문구",
    "faclNm": null,
    "roadNm": "신촌로29길_11"
  },
  "accessibility_info": {
    "has_stairs": false,
    "has_ramp": false,
    "entrance_accessible": true,
    "obstacles": [],
    "obstacle_details": {
      "building": {
        "pixel_count": 19972,
        "ratio": 0.78015625
      }
    },
    "has_sidewalk": true,
    "has_building": true,
    "accessibility_score": 10
  },
  "facility_info": {
    "available": true,
    "basic_info": {
      "estbDate": "20130529",
      "faclInfId": "20155826257",
      "faclLat": "37.55795756",
      "faclLng": "126.9523541",
      "faclNm": "아현중앙교회",
      "faclTyCd": "종교집회장",
      "lcMnad": "서울특별시 서대문구 신촌로29길 11",
      "salStaDivCd": "Y",
      "salStaNm": "영업",
      "wfcltDivCd": "017",
      "wfcltId": "1141011000-1-10140001"
    },
    "facility_features": {
      "evalInfo": [
        "장애인전용주차구역",
        "주출입구 높이차이 제거",
        "주출입구 접근로",
        "주출입구(문)"
      ]
    },
    "accessibility_details": {
      "entrance": {
        "accessible": true,
        "features": [
          "주출입구 높이차이 제거",
          "주출입구 접근로",
          "주출입구(문)"
        ]
      },
      "parking": {
        "available": true,
        "features": [
          "장애인전용주차구역"
        ]
      },
      "restroom": {
        "available": false,
        "features": []
      },
      "elevator": {
        "available": false
      }
    }
  },
  "llm_analysis": {
    "external_accessibility_score": 10,
    "internal_accessibility_score": 5,
    "final_accessibility_score": 7,
    "stairs_count": 0,
    "stairs_height": "계단이 없습니다.",
    "alternative_route": true,
    "alternative_route_description": "건물 입구로 접근하는 방법이 있습니다.",
    "recommendations": [
      "장애인 화장실과 엘리베이터 설치를 고려해보는 것이 좋겠습니다.",
      "내부 시설에 대한 추가 정보 수집이 필요합니다."
    ],
    "observations": [
      "외부 접근성은 우수한 편입니다.",
      "주출입구 관련 편의시설이 잘 갖춰져 있습니다.",
      "장애인 주차구역이 마련되어 있습니다."
    ],
    "improvement_suggestions": [
      "장애인용 화장실 설치를 검토해보세요.",
      "엘리베이터 유무를 확인하고 필요시 설치를 고려해보세요."
    ]
  },
  "timestamp": "2025-05-12T18:23:59.485037"
}