{
  "image_path": "data/images/서울특별시_서대문구_연세로2마길_29.png",
  "overlay_path": "/Users/kimseojin/Desktop/Yonsei/3학년/테크포임팩트프로젝트/accessibility_analyzer/data/results/overlays/서울특별시_서대문구_연세로2마길_29_overlay_20250512_181503.png",
  "location_info": {
    "latitude": null,
    "longitude": null,
    "address": null,
    "building_name": null,
    "siDoNm": "서울특별시",
    "cggNm": "서대문구",
    "faclNm": null,
    "roadNm": "연세로2마길_29"
  },
  "accessibility_info": {
    "has_stairs": false,
    "has_ramp": false,
    "entrance_accessible": true,
    "obstacles": [],
    "obstacle_details": {
      "building": {
        "pixel_count": 14481,
        "ratio": 0.5656640625
      }
    },
    "has_sidewalk": true,
    "has_building": true,
    "accessibility_score": 10
  },
  "facility_info": {
    "available": true,
    "basic_info": {
      "estbDate": "20221013",
      "faclInfId": "20155827934",
      "faclLat": "37.55842379",
      "faclLng": "126.9420098",
      "faclNm": "일반음식점",
      "faclTyCd": "일반음식점",
      "lcMnad": "서울특별시 서대문구 연세로2마길 29",
      "salStaDivCd": "Y",
      "salStaNm": "영업",
      "wfcltDivCd": "017",
      "wfcltId": "1141011200-1-01100038"
    },
    "facility_features": {
      "evalInfo": [
        "주출입구 높이차이 제거",
        "주출입구 접근로",
        "주출입구(문)"
      ]
    },
    "accessibility_details": {
      "entrance": {
        "accessible": true,
        "features": [
          "주출입구 높이차이 제거",
          "주출입구 접근로",
          "주출입구(문)"
        ]
      },
      "parking": {
        "available": false,
        "features": []
      },
      "restroom": {
        "available": false,
        "features": []
      },
      "elevator": {
        "available": false
      }
    }
  },
  "llm_analysis": {
    "external_accessibility_score": 10,
    "internal_accessibility_score": 3,
    "final_accessibility_score": 6,
    "stairs_count": 0,
    "stairs_height": "없음",
    "alternative_route": false,
    "alternative_route_description": "이미지에는 입구로 향하는 대체 경로가 보이지 않습니다.",
    "recommendations": [
      "주출입구 접근로, 높이차이 제거, 출입구(문)은 잘 갖추어져 있습니다.",
      "장애인 전용 주차구역이나 화장실 등 장애인 편의시설을 추가로 마련하는 것이 좋겠습니다."
    ],
    "observations": [
      "외부에는 계단이 없고 접근로와 입구가 잘 설계되어 있습니다.",
      "건물 정보에 따르면 내부에는 장애인용 화장실, 엘리베이터, 주차구역이 없는 것으로 보입니다."
    ],
    "improvement_suggestions": [
      "내부에 장애인용 화장실을 설치하는 것을 고려해 보시기 바랍니다.",
      "가능하다면 장애인 전용 주차구역을 마련하는 것도 도움이 될 것 같습니다."
    ]
  },
  "timestamp": "2025-05-12T18:15:25.355129"
}