{
  "image_path": "data/images/서울특별시_서대문구_신촌로_163.png",
  "overlay_path": "/Users/kimseojin/Desktop/Yonsei/3학년/테크포임팩트프로젝트/accessibility_analyzer/data/results/overlays/서울특별시_서대문구_신촌로_163_overlay_20250512_181234.png",
  "location_info": {
    "latitude": null,
    "longitude": null,
    "address": null,
    "building_name": null,
    "siDoNm": "서울특별시",
    "cggNm": "서대문구",
    "faclNm": null,
    "roadNm": "신촌로_163"
  },
  "accessibility_info": {
    "has_stairs": false,
    "has_ramp": false,
    "entrance_accessible": true,
    "obstacles": [],
    "obstacle_details": {
      "building": {
        "pixel_count": 20315,
        "ratio": 0.7935546875
      }
    },
    "has_sidewalk": true,
    "has_building": true,
    "accessibility_score": 10
  },
  "facility_info": {
    "available": true,
    "basic_info": {
      "estbDate": "20200810",
      "faclInfId": "20155825544",
      "faclLat": "0",
      "faclLng": "0",
      "faclNm": "파라타워",
      "faclTyCd": "금융업소 등 일반업무시설",
      "lcMnad": "서울특별시 서대문구 신촌로 163",
      "salStaDivCd": "Y",
      "salStaNm": "영업",
      "wfcltDivCd": "017",
      "wfcltId": "1141011200-3-00900070"
    },
    "facility_features": {
      "evalInfo": [
        "승강기",
        "장애인사용가능화장실",
        "장애인전용주차구역",
        "주출입구 높이차이 제거",
        "주출입구 접근로",
        "주출입구(문)"
      ]
    },
    "accessibility_details": {
      "entrance": {
        "accessible": true,
        "features": [
          "주출입구 높이차이 제거",
          "주출입구 접근로",
          "주출입구(문)"
        ]
      },
      "parking": {
        "available": true,
        "features": [
          "장애인전용주차구역"
        ]
      },
      "restroom": {
        "available": true,
        "features": [
          "장애인사용가능화장실"
        ]
      },
      "elevator": {
        "available": false
      }
    }
  },
  "llm_analysis": {
    "external_accessibility_score": 10,
    "internal_accessibility_score": 7,
    "final_accessibility_score": 8,
    "stairs_count": 0,
    "stairs_height": "없음",
    "alternative_route": false,
    "alternative_route_description": "대체 경로 없음. 계단이 발견되지 않음.",
    "recommendations": [
      "승강기 설치 여부를 확인하고 필요 시 설치 고려",
      "유도 및 안내 설비 여부 확인 및 보완"
    ],
    "observations": [
      "주출입구 관련 편의시설 잘 갖춰져 있음",
      "장애인 전용 주차 구역 및 화장실 구비",
      "외부에서 건물 내부로의 접근성이 좋아 보임"
    ],
    "improvement_suggestions": [
      "엘리베이터 정보가 없어 정확한 평가에 제한이 있음. 확인 필요",
      "장애인을 위한 유도 및 안내 설비 여부를 파악하여 보완하면 좋을 듯"
    ]
  },
  "timestamp": "2025-05-12T18:12:56.045629"
}